<?xml version="1.0" encoding="UTF-8"?>
<project-private xmlns="http://www.netbeans.org/ns/project-private/1">
    <editor-bookmarks xmlns="http://www.netbeans.org/ns/editor-bookmarks/2" lastBookmarkId="0"/>
    <open-files xmlns="http://www.netbeans.org/ns/projectui-open-files/2">
        <group>
            <file>file:/D:/Java%20Bismillah/Theatrix-App/src/TheatrixApp/c_User.java</file>
            <file>file:/D:/Java%20Bismillah/Theatrix-App/src/TheatrixApp/Film.java</file>
            <file>file:/D:/Java%20Bismillah/Theatrix-App/src/TheatrixApp/Update.java</file>
            <file>file:/D:/Java%20Bismillah/Theatrix-App/src/TheatrixApp/c_Transaksi.java</file>
            <file>file:/D:/Java%20Bismillah/Theatrix-App/src/TheatrixApp/JudulFilm.java</file>
            <file>file:/D:/Java%20Bismillah/Theatrix-App/src/TheatrixApp/Sementara.java</file>
            <file>file:/D:/Java%20Bismillah/Theatrix-App/src/TheatrixApp/c_Register.java</file>
            <file>file:/D:/Java%20Bismillah/Theatrix-App/src/TheatrixApp/InfoFilm.java</file>
            <file>file:/D:/Java%20Bismillah/Theatrix-App/src/TheatrixApp/Register.java</file>
            <file>file:/D:/Java%20Bismillah/Theatrix-App/src/TheatrixApp/GUI_Theater2.java</file>
            <file>file:/D:/Java%20Bismillah/Theatrix-App/src/TheatrixApp/GUI_Theater1.java</file>
            <file>file:/D:/Java%20Bismillah/Theatrix-App/src/TheatrixApp/Order.java</file>
            <file>file:/D:/Java%20Bismillah/Theatrix-App/src/TheatrixApp/c_Order.java</file>
            <file>file:/D:/Java%20Bismillah/Theatrix-App/src/TheatrixApp/c_Ticket.java</file>
            <file>file:/D:/Java%20Bismillah/Theatrix-App/src/TheatrixApp/Frame_PROFILE.java</file>
            <file>file:/D:/Java%20Bismillah/Theatrix-App/src/TheatrixApp/GUI_InfoFilm.java</file>
            <file>file:/D:/Java%20Bismillah/Theatrix-App/src/TheatrixApp/c_Login.java</file>
            <file>file:/D:/Java%20Bismillah/Theatrix-App/src/TheatrixApp/f_Ticket.java</file>
            <file>file:/D:/Java%20Bismillah/Theatrix-App/src/TheatrixApp/f_About.java</file>
            <file>file:/D:/Java%20Bismillah/Theatrix-App/src/TheatrixApp/GUI_T2InfoFilm.java</file>
            <file>file:/D:/Java%20Bismillah/Theatrix-App/src/TheatrixApp/Logged.java</file>
            <file>file:/D:/Java%20Bismillah/Theatrix-App/src/TheatrixApp/Transaksi.java</file>
            <file>file:/D:/Java%20Bismillah/Theatrix-App/src/TheatrixApp/c_Home.java</file>
            <file>file:/D:/Java%20Bismillah/Theatrix-App/src/TheatrixApp/Frame_Update.java</file>
            <file>file:/D:/Java%20Bismillah/Theatrix-App/src/TheatrixApp/MainDriver.java</file>
            <file>file:/D:/Java%20Bismillah/Theatrix-App/src/TheatrixApp/f_Transaksi.java</file>
            <file>file:/D:/Java%20Bismillah/Theatrix-App/src/TheatrixApp/f_Register.java</file>
            <file>file:/D:/Java%20Bismillah/Theatrix-App/src/TheatrixApp/f_Login.java</file>
            <file>file:/D:/Java%20Bismillah/Theatrix-App/src/TheatrixApp/Database.java</file>
            <file>file:/D:/Java%20Bismillah/Theatrix-App/src/TheatrixApp/Logout.java</file>
            <file>file:/D:/Java%20Bismillah/Theatrix-App/src/TheatrixApp/f_Order.java</file>
            <file>file:/D:/Java%20Bismillah/Theatrix-App/src/TheatrixApp/GUI_PilTheater.java</file>
            <file>file:/D:/Java%20Bismillah/Theatrix-App/src/TheatrixApp/Profile.java</file>
            <file>file:/D:/Java%20Bismillah/Theatrix-App/src/TheatrixApp/f_Home.java</file>
        </group>
    </open-files>
</project-private>
